{
  "feature_metrics": {
    "trend": {
      "mae": 0.08555942631784248,
      "rmse": 0.10786076533526576,
      "mse": 0.011633944698709268,
      "mape": 32.08287788987158,
      "smape": 23.331484865821366,
      "mbe": -0.034788788693848105,
      "max_error": 0.4248816345940234,
      "median_absolute_error": 0.07195293974549255,
      "normalized_rmse_range": 0.029988161027758618,
      "normalized_rmse_mean": 3795013301342182.5,
      "r_squared": 0.9883660553012907,
      "explained_variance": 0.9895763151200759,
      "pearson_correlation": 0.9948524849430003,
      "spearman_correlation": 0.9880957060239266,
      "wasserstein_distance": 0.03636728723882941,
      "kl_divergence": 0.04861559974693919,
      "js_divergence": 0.013509691897957811,
      "ks_statistic": 0.041,
      "ks_pvalue": 0.06932182520405727,
      "anderson_darling_statistic": 0.0003130602499999999,
      "energy_distance": 0.001270717541125288,
      "maximum_mean_discrepancy": 0.00040257560789025426,
      "distribution_overlap": 0.8915,
      "dtw_distance": 3.8080044518588605,
      "autocorrelation_distance": 0.041015791697698964,
      "frechet_distance": 0.2744847581878396,
      "trend_similarity": 0.9924925326365764,
      "seasonality_similarity": 0.9994820841232368,
      "volatility_similarity": 0.8678353500932162,
      "spectral_similarity": 0.9978023984860698,
      "phase_space_similarity": 0.37015324786672427
    },
    "seasonal": {
      "mae": 0.08246167904923639,
      "rmse": 0.10323579117228666,
      "mse": 0.01065762857896798,
      "mape": 53.32612750733005,
      "smape": 21.466429618482294,
      "mbe": -0.01378594719274191,
      "max_error": 0.383172009189785,
      "median_absolute_error": 0.07014137007298821,
      "normalized_rmse_range": 0.023763579347629064,
      "normalized_rmse_mean": 339863063344158.25,
      "r_squared": 0.989342371421032,
      "explained_variance": 0.9895324237610331,
      "pearson_correlation": 0.9947783074137866,
      "spearman_correlation": 0.9929640667410166,
      "wasserstein_distance": 0.018580873459949812,
      "kl_divergence": 0.01920677998772965,
      "js_divergence": 0.005312092976760622,
      "ks_statistic": 0.0185,
      "ks_pvalue": 0.8835917582147937,
      "anderson_darling_statistic": 4.3408000000000015e-05,
      "energy_distance": 0.00027026606334912273,
      "maximum_mean_discrepancy": 4.190109938728703e-05,
      "distribution_overlap": 0.9375000000000001,
      "dtw_distance": 4.240807477774306,
      "autocorrelation_distance": 0.023150973448749536,
      "frechet_distance": 0.3032803495046762,
      "trend_similarity": 0.9958477652480667,
      "seasonality_similarity": 0.9998329148678803,
      "volatility_similarity": 0.9923324617426764,
      "spectral_similarity": 0.9988481688634974,
      "phase_space_similarity": 0.30870229600753085
    },
    "detailed": {
      "mae": 0.0840446041018443,
      "rmse": 0.1052934960954549,
      "mse": 0.011086720320003575,
      "mape": 150.22818473819638,
      "smape": 23.92754764328093,
      "mbe": -0.030662298737800162,
      "max_error": 0.38927279409524873,
      "median_absolute_error": 0.07043450546946428,
      "normalized_rmse_range": 0.019369596527928818,
      "normalized_rmse_mean": -1191456657738762.2,
      "r_squared": 0.9889132796799964,
      "explained_variance": 0.9898534562438825,
      "pearson_correlation": 0.9949721921945018,
      "spearman_correlation": 0.9940532395133097,
      "wasserstein_distance": 0.03133904044025032,
      "kl_divergence": 0.01618857282460528,
      "js_divergence": 0.004012594622053668,
      "ks_statistic": 0.0195,
      "ks_pvalue": 0.8416360266077476,
      "anderson_darling_statistic": 0.00010410150000000003,
      "energy_distance": 0.0006220409391799464,
      "maximum_mean_discrepancy": 0.00017774576282869603,
      "distribution_overlap": 0.9429999999999998,
      "dtw_distance": 4.655012310960252,
      "autocorrelation_distance": 0.02616049855199217,
      "frechet_distance": 0.2503575700452814,
      "trend_similarity": 0.9947967759815861,
      "seasonality_similarity": 0.9999711916585083,
      "volatility_similarity": 0.9929637781583562,
      "spectral_similarity": 0.9995694648170165,
      "phase_space_similarity": 0.3046802322370675
    },
    "complex": {
      "mae": 0.07903708279069772,
      "rmse": 0.09852712564212883,
      "mse": 0.00970759448729984,
      "mape": 47.65144433610847,
      "smape": 24.347447977623627,
      "mbe": 0.0022707859046724294,
      "max_error": 0.3418474444989249,
      "median_absolute_error": 0.06644003682590816,
      "normalized_rmse_range": 0.01922111067135722,
      "normalized_rmse_mean": -431640784365542.25,
      "r_squared": 0.9902924055127001,
      "explained_variance": 0.990297561981325,
      "pearson_correlation": 0.9951580111137215,
      "spearman_correlation": 0.994895488223872,
      "wasserstein_distance": 0.01126728387879793,
      "kl_divergence": 0.0223214934771829,
      "js_divergence": 0.0039796851871232025,
      "ks_statistic": 0.011,
      "ks_pvalue": 0.9997333473531824,
      "anderson_darling_statistic": 1.1167249999999997e-05,
      "energy_distance": 8.517958923004443e-05,
      "maximum_mean_discrepancy": 2.7786369844795544e-05,
      "distribution_overlap": 0.9374999999999999,
      "dtw_distance": 4.28593727944409,
      "autocorrelation_distance": 0.022274845792518518,
      "frechet_distance": 0.19372992597216254,
      "trend_similarity": 0.9983210767057662,
      "seasonality_similarity": 0.9995652139903696,
      "volatility_similarity": 0.9898981966006486,
      "spectral_similarity": 0.999479078926221,
      "phase_space_similarity": 0.3258438491547039
    },
    "correlated": {
      "mae": 0.09339856238658352,
      "rmse": 0.11615771658785096,
      "mse": 0.013492615122903505,
      "mape": 53.292386978538005,
      "smape": 26.694474642439914,
      "mbe": 0.0625041052520727,
      "max_error": 0.4459310163995049,
      "median_absolute_error": 0.08045445738568624,
      "normalized_rmse_range": 0.02679280765581716,
      "normalized_rmse_mean": 175310941401224.28,
      "r_squared": 0.9865073848770964,
      "explained_variance": 0.9904141480504587,
      "pearson_correlation": 0.995219690254691,
      "spearman_correlation": 0.9947998286999572,
      "wasserstein_distance": 0.06265375587639255,
      "kl_divergence": 0.03214154786332357,
      "js_divergence": 0.008310254474294898,
      "ks_statistic": 0.0335,
      "ks_pvalue": 0.2117398173490672,
      "anderson_darling_statistic": 0.00038406050000000004,
      "energy_distance": 0.0024264565339060518,
      "maximum_mean_discrepancy": 0.0006539784319338215,
      "distribution_overlap": 0.9155,
      "dtw_distance": 4.544095752488382,
      "autocorrelation_distance": 0.021380758397639026,
      "frechet_distance": 0.2963710503638374,
      "trend_similarity": 0.9853636539256151,
      "seasonality_similarity": 0.9997934681329352,
      "volatility_similarity": 0.9927592071085519,
      "spectral_similarity": 0.999063828161394,
      "phase_space_similarity": 0.34183424394300427
    }
  },
  "aggregate_metrics": {
    "mape_mean": 67.3162042900089,
    "mape_std": 42.17790007924653,
    "mape_min": 32.08287788987158,
    "mape_max": 150.22818473819638,
    "r_squared_mean": 0.9886842993584232,
    "r_squared_std": 0.0012579135240220328,
    "r_squared_min": 0.9865073848770964,
    "r_squared_max": 0.9902924055127001,
    "kl_divergence_mean": 0.02769479877995612,
    "kl_divergence_std": 0.01175385553033675,
    "kl_divergence_min": 0.01618857282460528,
    "kl_divergence_max": 0.04861559974693919,
    "dtw_distance_mean": 4.306771454505178,
    "dtw_distance_std": 0.2936488884784696,
    "dtw_distance_min": 3.8080044518588605,
    "dtw_distance_max": 4.655012310960252,
    "wasserstein_distance_mean": 0.03204164817884401,
    "wasserstein_distance_std": 0.017714810846869145,
    "wasserstein_distance_min": 0.01126728387879793,