{
  "feature_metrics": {
    "CELL": {
      "mae": 0.08487521583271594,
      "rmse": 0.10575931515448608,
      "mse": 0.01118503274194591,
      "mape": 23.9440421446795,
      "smape": 23.72457742670592,
      "mbe": 0.03689519297946911,
      "max_error": 0.4263164019705069,
      "median_absolute_error": 0.07425365975732781,
      "normalized_rmse_range": 0.02843534802964536,
      "normalized_rmse_mean": Infinity,
      "r_squared": 0.9888149672580541,
      "explained_variance": 0.9901762225230464,
      "pearson_correlation": 0.9951138937301856,
      "spearman_correlation": 0.9767598355988508,
      "wasserstein_distance": 0.04299226281551824,
      "kl_divergence": 0.1467093733066247,
      "js_divergence": 0.02966825813763548,
      "ks_statistic": 0.05912596401028278,
      "ks_pvalue": 0.1317611305813811,
      "anderson_darling_statistic": 0.0008386734229107504,
      "energy_distance": 0.0022725497137019435,
      "maximum_mean_discrepancy": 0.0009667797990864369,
      "distribution_overlap": 0.832904884318766,
      "dtw_distance": 2.3807211332232483,
      "autocorrelation_distance": 0.039530308767677574,
      "frechet_distance": 0.17073659108525818,
      "trend_similarity": 0.9905453516522853,
      "seasonality_similarity": 0.0,
      "volatility_similarity": 0.508643907304389,
      "spectral_similarity": 0.9434314075075995,
      "phase_space_similarity": 0.3472063098349711
    },
    "PAR_LIGHT": {
      "mae": 0.08512467528991428,
      "rmse": 0.10725831657019443,
      "mse": 0.011504346473472045,
      "mape": 10.70811486875181,
      "smape": 10.630767089336839,
      "mbe": 0.027630029330648634,
      "max_error": 0.35527727205042314,
      "median_absolute_error": 0.069221333971875,
      "normalized_rmse_range": 0.046970908113152535,
      "normalized_rmse_mean": -1677731001386148.8,
      "r_squared": 0.9884956535265279,
      "explained_variance": 0.9892590720473404,
      "pearson_correlation": 0.9947183998171908,
      "spearman_correlation": 0.9529249870097579,
      "wasserstein_distance": 0.08437370974114557,
      "kl_divergence": 1.6155021373090306,
      "js_divergence": 0.42185493251599304,
      "ks_statistic": 0.21465295629820053,
      "ks_pvalue": 4.1810273260050076e-16,
      "anderson_darling_statistic": 0.020700977453588718,
      "energy_distance": 0.01582429802616403,
      "maximum_mean_discrepancy": 0.0006550521016567279,
      "distribution_overlap": 0.20308483290488472,
      "dtw_distance": 2.991052630232174,
      "autocorrelation_distance": 0.0470485018046405,
      "frechet_distance": 0.3257437060467334,
      "trend_similarity": 0.9888257698139001,
      "seasonality_similarity": 0.9972593989762549,
      "volatility_similarity": 0.9790348687451096,
      "spectral_similarity": 0.9981334804133402,
      "phase_space_similarity": 0.3357561239649644
    },
    "DO": {
      "mae": 0.08459678161328507,
      "rmse": 0.10660576670639098,
      "mse": 0.01136478949505746,
      "mape": 20.516433047040135,
      "smape": 14.330296470194689,
      "mbe": -0.04002405584151626,
      "max_error": 0.3631208622597346,
      "median_absolute_error": 0.06982508111524299,
      "normalized_rmse_range": 0.04063341099244246,
      "normalized_rmse_mean": -648481492647293.2,
      "r_squared": 0.9886352105049425,
      "explained_variance": 0.9902371355509474,
      "pearson_correlation": 0.9952022178286122,
      "spearman_correlation": 0.9641353148947155,
      "wasserstein_distance": 0.051779320009362126,
      "kl_divergence": 0.22535943833003652,
      "js_divergence": 0.06322740735409552,
      "ks_statistic": 0.08483290488431877,
      "ks_pvalue": 0.007380234689125102,
      "anderson_darling_statistic": 0.0016048214567751227,
      "energy_distance": 0.004132373114883459,
      "maximum_mean_discrepancy": 0.0006787780300540058,
      "distribution_overlap": 0.7480719794344474,
      "dtw_distance": 2.4615496011719786,
      "autocorrelation_distance": 0.03291480006616948,
      "frechet_distance": 0.24183140107949153,
      "trend_similarity": 0.9882691196357057,
      "seasonality_similarity": 0.9977934924172084,
      "volatility_similarity": 0.9804675743012272,
      "spectral_similarity": 0.9972055608482314,
      "phase_space_similarity": 0.35490046054365154
    },
    "PRE": {
      "mae": 0.10889893403749558,
      "rmse": 0.13285163104930992,
      "mse": 0.017649555872461965,
      "mape": 17.149107974446757,
      "smape": 15.897481797435532,
      "mbe": -0.09308717377796029,
      "max_error": 0.3585449263677044,
      "median_absolute_error": 0.09735433276276528,
      "normalized_rmse_range": 0.01579226501404484,
      "normalized_rmse_mean": -9802173446711.268,
      "r_squared": 0.982350444127538,
      "explained_variance": 0.9910156660495062,
      "pearson_correlation": 0.9955488434717876,
      "spearman_correlation": 0.8040589698055187,
      "wasserstein_distance": 0.10889893403749554,
      "kl_divergence": 1.0114015288044627,
      "js_divergence": 0.2861103127671779,
      "ks_statistic": 0.5848329048843187,
      "ks_pvalue": 1.3373441767608095e-123,
      "anderson_darling_statistic": 0.03960962772426665,
      "energy_distance": 0.061421560876165016,
      "maximum_mean_discrepancy": 0.007054154743355356,
      "distribution_overlap": 0.3881748071979435,
      "dtw_distance": 3.7055842277265008,
      "autocorrelation_distance": 0.03309005570926128,
      "frechet_distance": 0.3585449263677044,
      "trend_similarity": 0.9895968610397349,
      "seasonality_similarity": 0.0,
      "volatility_similarity": 0.9973925675516179,
      "spectral_similarity": 0.9984493598502658,
      "phase_space_similarity": 0.3318301924461968
    },
    "OD": {
      "mae": 0.0811746578782641,
      "rmse": 0.10144424123492575,
      "mse": 0.01029093407972981,
      "mape": 22.310107677337086,
      "smape": 19.571517312324563,
      "mbe": -0.012678980738643179,
      "max_error": 0.36641593440254194,
      "median_absolute_error": 0.06932925252602401,
      "normalized_rmse_range": 0.02722928387600943,
      "normalized_rmse_mean": 462813000240959.06,
      "r_squared": 0.9897090659202702,
      "explained_variance": 0.989869822472841,
      "pearson_correlation": 0.9949267178267966,
      "spearman_correlation": 0.9744055412324959,
      "wasserstein_distance": 0.02469124113493735,
      "kl_divergence": 0.12374927470619856,
      "js_divergence": 0.032397358011231774,
      "ks_statistic": 0.03984575835475578,
      "ks_pvalue": 0.5675759713081384,
      "anderson_darling_statistic": 0.00016402464132964147,
      "energy_distance": 0.0007448055645815632,
      "maximum_mean_discrepancy": 0.00011031912781689357,
      "distribution_overlap": 0.8149100257069408,
      "dtw_distance": 2.3864842395302404,
      "autocorrelation_distance": 0.04261007889441365,
      "frechet_distance": 0.21274235811762243,
      "trend_similarity": 0.9987787162264186,
      "seasonality_similarity": 0.0,
      "volatility_similarity": 0.35506184005449265,
      "spectral_similarity": 0.9396194753336855,
      "phase_space_similarity": 0.37528743898202255
    }
  },
  "aggregate_metrics": {
    "max_error_mean": 0.3739350794101822,
    "max_error_std": 0.02646604758378744,
    "max_error_min": 0.35527727205042314,
    "max_error_max": 0.4263164019705069,
    "mae_mean": 0.08893405293033499,
    "mae_std": 0.010085654448445176,
    "mae_min": 0.0811746578782641,
    "mae_max": 0.10889893403749558,
    "rmse_mean": 0.11078385414306144,
    "rmse_std": 0.011219152986849255,
    "rmse_min": 0.10144424123492575,
    "rmse_max": 0.13285163104930992,
    "mbe_mean": -0.016252997609600396,
    "mbe_std": 0.04739573324648594,
    "mbe_min": -0.09308717377796029,
    "mbe_max": 0.03689519297946911,
    "mse_mean": 0.012398931732533439,
    "mse_std": 0.0026591724906608436,
    "mse_min": 0.01029093407972981,
    "mse_max": 0.017649555872461965,
    "ks_statistic_mean": 0.1966580976863753,