{
  "feature_metrics": {
    "TEMP_CULTURE": {
      "mae": 0.08487528071953696,
      "rmse": 0.10575935923798879,
      "mse": 0.011185042066429965,
      "mape": 18.64590256960472,
      "smape": 18.001218464931323,
      "mbe": 0.03689539765639276,
      "max_error": 0.4263155834962849,
      "median_absolute_error": 0.07425444871684056,
      "normalized_rmse_range": 0.008511364172763231,
      "normalized_rmse_mean": 4203263348971.254,
      "r_squared": 0.98881495793357,
      "explained_variance": 0.9901762283017934,
      "pearson_correlation": 0.9951192267017424,
      "spearman_correlation": 0.9438590066098206,
      "wasserstein_distance": 0.084875280719537,
      "kl_divergence": 0.6218010150044302,
      "js_divergence": 0.1895193527159036,
      "ks_statistic": 0.2647814910025707,
      "ks_pvalue": 2.2047259022792162e-24,
      "anderson_darling_statistic": 0.02931574099385143,
      "energy_distance": 0.01845342281496154,
      "maximum_mean_discrepancy": 0.00035552886839362863,
      "distribution_overlap": 0.5668380462724932,
      "dtw_distance": 2.9499089354897934,
      "autocorrelation_distance": 0.02315202639077707,
      "frechet_distance": 0.24221356136028438,
      "trend_similarity": 0.9970423660463239,
      "seasonality_similarity": 0.9998876847567617,
      "volatility_similarity": 0.9907185751680508,
      "spectral_similarity": 0.999248537989255,
      "phase_space_similarity": 0.322839292152002
    },
    "PH": {
      "mae": 0.08512462844540966,
      "rmse": 0.10725823702489547,
      "mse": 0.011504329409688657,
      "mape": 40.60962550903022,
      "smape": 31.316684426336007,
      "mbe": 0.02762956899471661,
      "max_error": 0.3552737280946481,
      "median_absolute_error": 0.06922511143097988,
      "normalized_rmse_range": 0.006785571534361791,
      "normalized_rmse_mean": -37401618789772.914,
      "r_squared": 0.9884956705903113,
      "explained_variance": 0.9892590636731452,
      "pearson_correlation": 0.9946897315559805,
      "spearman_correlation": 0.9759179421687493,
      "wasserstein_distance": 0.03523821194163269,
      "kl_divergence": 0.04468012900693963,
      "js_divergence": 0.007569061801106942,
      "ks_statistic": 0.07197943444730077,
      "ks_pvalue": 0.03548666582755594,
      "anderson_darling_statistic": 0.0011511274004092392,
      "energy_distance": 0.001808618272820417,
      "maximum_mean_discrepancy": 0.0007415508016255234,
      "distribution_overlap": 0.9318766066838046,
      "dtw_distance": 2.9044911817218653,
      "autocorrelation_distance": 0.021618026925000207,
      "frechet_distance": 0.2971604307955593,
      "trend_similarity": 0.9979820014945273,
      "seasonality_similarity": 0.0,
      "volatility_similarity": 0.9969621570784151,
      "spectral_similarity": 0.998788499586257,
      "phase_space_similarity": 0.33895432718701235
    },
    "DO": {
      "mae": 0.08459678161328507,
      "rmse": 0.10660576670639098,
      "mse": 0.01136478949505746,
      "mape": 20.516433047040135,
      "smape": 14.330296470194689,
      "mbe": -0.04002405584151626,
      "max_error": 0.3631208622597346,
      "median_absolute_error": 0.06982508111524299,
      "normalized_rmse_range": 0.04063341099244246,
      "normalized_rmse_mean": -648481492647293.2,
      "r_squared": 0.9886352105049425,
      "explained_variance": 0.9902371355509474,
      "pearson_correlation": 0.9952022178286122,
      "spearman_correlation": 0.9641353148947155,
      "wasserstein_distance": 0.051779320009362126,
      "kl_divergence": 0.22535943833003652,
      "js_divergence": 0.06322740735409552,
      "ks_statistic": 0.08483290488431877,
      "ks_pvalue": 0.007380234689125102,
      "anderson_darling_statistic": 0.0016048214567751227,
      "energy_distance": 0.004132373114883459,
      "maximum_mean_discrepancy": 0.0006787780300540058,
      "distribution_overlap": 0.7480719794344474,
      "dtw_distance": 2.4615496011719786,
      "autocorrelation_distance": 0.03291480006616948,
      "frechet_distance": 0.24183140107949153,
      "trend_similarity": 0.9882691196357057,
      "seasonality_similarity": 0.9977934924172084,
      "volatility_similarity": 0.9804675743012272,
      "spectral_similarity": 0.9972055608482314,
      "phase_space_similarity": 0.35490046054365154
    },
    "OD": {
      "mae": 0.10889922368925684,
      "rmse": 0.13285202427518036,
      "mse": 0.017649660354013115,
      "mape": 31.866603332765322,
      "smape": 24.38527462887209,
      "mbe": -0.09308798075842843,
      "max_error": 0.3585515458693762,
      "median_absolute_error": 0.09736017038937023,
      "normalized_rmse_range": 0.03565964354855801,
      "normalized_rmse_mean": 606102852112539.2,
      "r_squared": 0.9823503396459868,
      "explained_variance": 0.9910157118076685,
      "pearson_correlation": 0.9955182437105516,
      "spearman_correlation": 0.9765988495191461,
      "wasserstein_distance": 0.09311967355285675,
      "kl_divergence": 0.1941317461308094,
      "js_divergence": 0.0486547137469793,
      "ks_statistic": 0.12853470437017994,
      "ks_pvalue": 5.093090970328943e-06,
      "anderson_darling_statistic": 0.0036571011837499166,
      "energy_distance": 0.010402186766985455,
      "maximum_mean_discrepancy": 0.005428458497501953,
      "distribution_overlap": 0.7840616966580977,
      "dtw_distance": 2.4676528522705348,
      "autocorrelation_distance": 0.030511881242248545,
      "frechet_distance": 0.2264607227683405,
      "trend_similarity": 0.9779285415575579,
      "seasonality_similarity": 0.0,
      "volatility_similarity": 0.4732878749170533,
      "spectral_similarity": 0.9471401656461859,
      "phase_space_similarity": 0.33985296287958455
    },
    "CELL": {
      "mae": 0.08117465819326414,
      "rmse": 0.10144424118999064,
      "mse": 0.010290934070612993,
      "mape": 22.38190801478385,
      "smape": 19.567570620300042,
      "mbe": -0.012678982158757743,
      "max_error": 0.3664159296212251,
      "median_absolute_error": 0.0693292420382452,
      "normalized_rmse_range": 0.02727516058161909,
      "normalized_rmse_mean": Infinity,
      "r_squared": 0.989709065929387,
      "explained_variance": 0.9898698225179691,
      "pearson_correlation": 0.994926699901692,
      "spearman_correlation": 0.9743831389192502,
      "wasserstein_distance": 0.02493978318507543,
      "kl_divergence": 0.11675323599968805,
      "js_divergence": 0.030684133003782633,
      "ks_statistic": 0.04113110539845758,
      "ks_pvalue": 0.5262613271413012,
      "anderson_darling_statistic": 0.00016477531403856583,
      "energy_distance": 0.0007543246525487657,
      "maximum_mean_discrepancy": 0.0001104494076356044,
      "distribution_overlap": 0.82133676092545,
      "dtw_distance": 2.383512269127761,
      "autocorrelation_distance": 0.04255810878511175,
      "frechet_distance": 0.21239138653496892,
      "trend_similarity": 0.9987768158258105,
      "seasonality_similarity": 0.0,
      "volatility_similarity": 0.3570466564543422,
      "spectral_similarity": 0.9395910899572048,
      "phase_space_similarity": 0.37529506226120257
    }
  },
  "aggregate_metrics": {
    "max_error_mean": 0.37393552986825374,
    "max_error_std": 0.02646545389955879,
    "max_error_min": 0.3552737280946481,
    "max_error_max": 0.4263155834962849,
    "mae_mean": 0.08893411453215053,
    "mae_std": 0.010085767391158849,
    "mae_min": 0.08117465819326414,
    "mae_max": 0.10889922368925684,
    "rmse_mean": 0.11078392568688925,
    "rmse_std": 0.011219308738163777,
    "rmse_min": 0.10144424118999064,
    "rmse_max": 0.13285202427518036,
    "mbe_mean": -0.016253210421518612,
    "mbe_std": 0.04739595552849379,
    "mbe_min": -0.09308798075842843,
    "mbe_max": 0.03689539765639276,
    "mse_mean": 0.012398951079160439,
    "mse_std": 0.002659214049378514,
    "mse_min": 0.010290934070612993,
    "mse_max": 0.017649660354013115,
    "ks_statistic_mean": 0.11825192802056554,